molecule_chembl_id,canonical_smiles,bioactivity_class,MW,LogP,NumHDonors,NumHAcceptors,pEC50
CHEMBL3144682,Cc1[nH]n(-c2ccc([N+](=O)[O-])cc2)c(=O)c1/N=N/c1c(O)cc(S(=O)(=O)O)c2ccccc12,active,469.4350000000002,3.9031200000000013,3.0,9.0,6.3979400086720375
CHEMBL3144783,Cc1[nH]n(-c2ccc(C(C)C)cc2)c(=O)c1/N=N/c1c(O)cc(S(=O)(=O)O)c2ccccc12,active,466.5190000000001,5.118320000000005,3.0,7.0,7.154901959985743
CHEMBL3144667,CCNS(=O)(=O)c1cccc(-n2[nH]c(C)c(/N=N/c3c(O)cc(S(=O)(=O)O)c4ccccc34)c2=O)c1,inactive,531.5720000000002,3.293120000000001,4.0,9.0,5.0
CHEMBL3144672,Cc1[nH]n(-c2ccc(OCc3ccccc3)cc2)c(=O)c1/N=N/c1c(O)cc(S(=O)(=O)O)c2ccccc12,active,530.5620000000002,5.573920000000005,3.0,8.0,6.698970004336019
CHEMBL3144775,Cc1[nH]n(-c2ccc(C(C)(C)C)cc2)c(=O)c1/N=N/c1c(O)cc(S(=O)(=O)O)c2ccccc12,active,480.54600000000016,5.292420000000005,3.0,7.0,7.698970004336019
CHEMBL3144679,Cc1[nH]n(-c2ccccc2Cl)c(=O)c1/N=N/c1c(O)cc(S(=O)(=O)O)c2ccccc12,inactive,458.88300000000015,4.648320000000003,3.0,7.0,4.522878745280337
CHEMBL3144786,Cc1cccc(-n2[nH]c(C)c(/N=N/c3c(O)cc(S(=O)(=O)O)c4ccccc34)c2=O)c1,active,438.4650000000002,4.303340000000003,3.0,7.0,6.154901959985743
CHEMBL124367,O=S(=O)(O)c1cc(O)c(/N=N/c2c(O)c3ccccc3c3ccccc23)c2ccccc12,active,444.46800000000013,6.2195000000000045,3.0,6.0,6.698970004336019
CHEMBL3144776,Cc1[nH]n(-c2ccc(F)cc2)c(=O)c1/N=N/c1c(O)cc(S(=O)(=O)O)c2ccccc12,active,442.4280000000001,4.134020000000002,3.0,7.0,6.301029995663981
CHEMBL3144677,Cc1ccc(-n2[nH]c(C)c(/N=N/c3c(O)cc(C(=O)O)c4ccccc34)c2=O)cc1C,active,416.4370000000002,5.063260000000004,3.0,6.0,6.0
CHEMBL121918,CCOc1nn(-c2ccc(C)c(C)c2)c(O)c1/N=N/c1c(O)cc(S(=O)(=O)O)c2ccccc12,active,482.5180000000002,5.114340000000006,3.0,9.0,6.221848749616356
CHEMBL3144778,Cc1[nH]n(-c2cccc(C(C)(C)C)c2)c(=O)c1/N=N/c1c(O)cc(S(=O)(=O)O)c2ccccc12,active,480.54600000000016,5.292420000000005,3.0,7.0,7.154901959985743
CHEMBL3144665,Cc1ccccc1-n1[nH]c(C)c(/N=N/c2c(O)cc(S(=O)(=O)O)c3ccccc23)c1=O,inactive,438.46500000000015,4.303340000000003,3.0,7.0,5.0
CHEMBL3144666,Cc1ccc(-n2[nH]cc(/N=N/c3c(O)cc(S(=O)(=O)O)c4ccccc34)c2=O)cc1C,active,438.4650000000002,4.303340000000003,3.0,7.0,7.0
CHEMBL3144790,Cc1ccc(-n2[nH]c(-c3ccccc3)c(/N=N/c3c(O)cc(S(=O)(=O)O)c4ccccc34)c2=O)cc1C,active,514.5630000000002,5.970340000000005,3.0,7.0,6.045757490560675
CHEMBL3144670,Cc1ccc(-n2[nH]c(C(C)(C)C)c(/N=N/c3c(O)cc(S(=O)(=O)O)c4ccccc34)c2=O)cc1C,active,494.57300000000026,5.600840000000006,3.0,7.0,6.522878745280337
CHEMBL3144781,Cc1[nH]n(-c2cccc([N+](=O)[O-])c2)c(=O)c1/N=N/c1c(O)cc(S(=O)(=O)O)c2ccccc12,active,469.4350000000002,3.9031200000000013,3.0,9.0,6.522878745280337
CHEMBL3144664,Cc1[nH]n(-c2ccc(Cl)c(Cl)c2)c(=O)c1/N=N/c1c(O)cc(S(=O)(=O)O)c2ccccc12,active,493.32800000000015,5.301720000000003,3.0,7.0,6.698970004336019
CHEMBL3144844,Cc1[nH]n(-c2cccc(C(F)(F)F)c2)c(=O)c1/N=N/c1c(O)cc(S(=O)(=O)O)c2ccccc12,active,492.4350000000001,5.013720000000004,3.0,7.0,7.3979400086720375
CHEMBL331220,O=C(O)c1cc2ccccc2c(/N=N/c2c(O)cc(S(=O)(=O)O)c3ccccc23)c1O,inactive,438.41700000000014,4.7645000000000035,4.0,7.0,5.0
CHEMBL124855,O=S(=O)(O)c1cc(O)c(/N=N/c2c(O)ccc3ccccc23)c2ccccc12,active,394.4080000000001,5.066300000000003,3.0,6.0,6.698970004336019
CHEMBL123373,COc1ccc2ccc(O)c(/N=N/c3c(O)cc(S(=O)(=O)O)c4ccccc34)c2c1,active,424.43400000000014,5.074900000000005,3.0,7.0,6.522878745280337
CHEMBL3144662,Cc1[nH]n(-c2ccc(I)cc2)c(=O)c1/N=N/c1c(O)cc(S(=O)(=O)O)c2ccccc12,active,550.3340000000003,4.599520000000003,3.0,7.0,6.522878745280337
CHEMBL3144661,Cc1ccc(-n2[nH]c(C)c(/N=N/c3c(O)cc(S(=O)(=O)O)c4ccccc34)c2=O)cc1C,active,452.49200000000025,4.611760000000003,3.0,7.0,7.3979400086720375
CHEMBL3144669,Cc1[nH]n(Cc2ccccc2)c(=O)c1/N=N/c1c(O)cc(S(=O)(=O)O)c2ccccc12,inactive,438.46500000000015,4.054020000000002,3.0,7.0,4.522878745280337
CHEMBL3144680,CC(C)(C)OC(=O)c1[nH]n(-c2ccc(C(C)(C)C)cc2)c(=O)c1/N=N/c1c(O)cc(S(=O)(=O)O)c2ccccc12,active,566.6360000000002,5.9393000000000065,3.0,9.0,6.698970004336019
CHEMBL420168,O=S(=O)(O)c1cc(O)c(/N=N/c2ccc3ccccc3c2O)c2ccccc12,active,394.40800000000013,5.066300000000004,3.0,6.0,7.154901959985743
CHEMBL3144784,Cc1[nH]n(-c2ccc(C(F)(F)F)cc2)c(=O)c1/N=N/c1c(O)cc(S(=O)(=O)O)c2ccccc12,active,492.4350000000002,5.013720000000003,3.0,7.0,7.0
CHEMBL204667,O=C1NC(=S)S/C1=C\c1ccc2[nH]c(-c3cccc(-c4ccc(Cl)c(Cl)c4)n3)nc2c1,active,483.40500000000026,6.087500000000002,2.0,5.0,6.0
CHEMBL202796,CC(C)(C)c1ccc(-c2cccc(-c3nc4cc(CC(C(=O)O)C(=O)O)ccc4[nH]3)n2)cc1,inactive,443.5030000000001,4.917300000000004,3.0,4.0,5.0
CHEMBL382806,CC(C)(C)c1ccc(-c2cccc(-c3nc4cc(/C=C5\SC(=S)NC5=O)ccc4[nH]3)c2)cc1,active,469.6350000000001,6.683200000000006,2.0,4.0,6.045757490560675
CHEMBL205027,CC(C)(C)c1ccc(-c2cccc(-c3nc4cc(/C=C5\SC(=S)NC5=O)ccc4[nH]3)c2O)cc1,active,485.6340000000001,6.388800000000005,3.0,5.0,6.0
CHEMBL206304,CC(C)(C)c1ccc(-c2ccc(-c3nc4cc(/C=C5\SC(=S)NC5=O)ccc4[nH]3)o2)cc1,active,459.5960000000001,6.2762000000000056,2.0,5.0,6.142667503568732
CHEMBL204160,Cc1ccc(-c2csc(-c3nc4cc(/C=C5\SC(=S)NC5=O)ccc4[nH]3)c2)cc1C,active,447.6100000000001,6.064040000000005,2.0,5.0,6.107905397309519
CHEMBL397519,O=C(Nc1nc(-c2c(Cl)cc(C(F)(F)F)cc2Cl)cs1)c1ccc(Nc2ccncn2)cc1,inactive,510.32800000000015,6.921600000000004,2.0,6.0,5.0
CHEMBL247645,O=C(Nc1nc(-c2ccc(F)c(C(F)(F)F)c2F)cs1)c1ccc(Nc2ccncn2)cc1,active,477.41800000000006,5.893000000000002,2.0,6.0,7.481486060122112
CHEMBL247644,O=C(Nc1nc(-c2ccc(C(F)(F)F)c(F)c2F)cs1)c1ccc(Nc2ccncn2)cc1,active,477.41800000000006,5.893000000000002,2.0,6.0,7.060480747381382
CHEMBL393087,O=C(Nc1nc(-c2ccc(F)c(F)c2F)cs1)c1ccc(Nc2ccncn2)cc1,active,427.41100000000006,5.013300000000003,2.0,6.0,7.075720713938118
CHEMBL248192,O=C(Nc1nc(-c2cccc(C(F)(F)F)n2)cs1)c1ccc(Nc2ccncn2)cc1,active,442.42600000000004,5.009800000000003,2.0,7.0,6.61261017366127
CHEMBL248006,O=C(Nc1nc(-c2c(F)cccc2F)cs1)c1ccc(Nc2ccncn2)cc1,inactive,409.4210000000001,4.874200000000003,2.0,6.0,5.0
CHEMBL248004,Cc1ccc(-c2csc(NC(=O)c3ccc(Nc4ccncn4)cc3)n2)cc1C,active,401.4950000000001,5.2128400000000035,2.0,6.0,6.105683937315561
CHEMBL391597,O=C(Nc1nc(-c2ccc(Cl)c(Cl)c2)cs1)c1ccc(Nc2ccncn2)cc1,active,442.3310000000001,5.902800000000003,2.0,6.0,6.459670525209126
CHEMBL247822,O=C(Nc1nc(-c2ccc(F)c(C(F)(F)F)c2)cs1)c1ccc(Nc2ccncn2)cc1,active,459.42800000000005,5.7539000000000025,2.0,6.0,6.982966660701219
CHEMBL247643,O=C(Nc1nc(-c2ccc(C(F)(F)F)c(F)c2)cs1)c1ccc(Nc2ccncn2)cc1,active,459.42800000000005,5.7539000000000025,2.0,6.0,6.540607512240769
CHEMBL247642,O=C(Nc1nc(-c2ccc(F)c(F)c2)cs1)c1ccc(Nc2ccncn2)cc1,active,409.42100000000005,4.874200000000003,2.0,6.0,6.3979400086720375
CHEMBL247641,COc1ccc(Cl)cc1-c1csc(NC(=O)c2ccc(Nc3ccncn3)cc2)n1,inactive,437.9120000000001,5.258000000000003,2.0,7.0,5.0
CHEMBL247461,O=C(Nc1nc(-c2cc(Cl)ccc2O)cs1)c1ccc(Nc2ccncn2)cc1,inactive,423.8850000000001,4.955000000000002,3.0,7.0,5.0
CHEMBL247818,O=C(Nc1nc(-c2ccc(Cl)cc2Cl)cs1)c1ccc(Nc2ccncn2)cc1,active,442.3310000000001,5.902800000000003,2.0,6.0,6.292429823902063
CHEMBL428227,O=C(Nc1nc(-c2ccc(C(F)(F)F)cc2F)cs1)c1ccc(Nc2ccncn2)cc1,active,459.42800000000005,5.7539000000000025,2.0,6.0,6.586700235918748
CHEMBL393268,O=C(Nc1nc(-c2ccc(Cl)cc2F)cs1)c1ccc(Nc2ccncn2)cc1,active,425.8760000000001,5.388500000000002,2.0,6.0,6.634512015109101
CHEMBL247431,O=C(Nc1nc(-c2ccc(F)cc2F)cs1)c1ccc(Nc2ccncn2)cc1,active,409.42100000000005,4.874200000000003,2.0,6.0,6.761953896871205
CHEMBL247606,O=C(Nc1nc(-c2cccc(OC(F)(F)F)c2F)cs1)c1ccc(Nc2ccncn2)cc1,active,475.4270000000001,5.633700000000003,2.0,7.0,7.494850021680094
CHEMBL247041,CC(C)Cc1cccc(-c2csc(NC(=O)c3ccc(Nc4ccncn4)cc3)n2)c1F,active,447.53900000000004,5.933600000000005,2.0,6.0,7.455931955649724
CHEMBL247040,CCCCc1cccc(-c2csc(NC(=O)c3ccc(Nc4ccncn4)cc3)n2)c1F,active,447.53900000000004,6.0777000000000045,2.0,6.0,7.275724130399211
CHEMBL395701,CCc1cccc(-c2csc(NC(=O)c3ccc(Nc4ccncn4)cc3)n2)c1F,active,419.485,5.297500000000004,2.0,6.0,6.844663962534939
CHEMBL428226,O=C(Nc1nc(-c2cccc(C(F)(F)F)c2F)cs1)c1ccc(Nc2ccncn2)cc1,active,459.42800000000005,5.7539000000000025,2.0,6.0,7.221848749616356
CHEMBL249063,O=C(Nc1nc(-c2cccc(Br)c2F)cs1)c1ccc(Nc2ccncn2)cc1,active,470.32700000000006,5.497600000000003,2.0,6.0,7.0
CHEMBL249062,O=C(Nc1nc(-c2cccc(Cl)c2F)cs1)c1ccc(Nc2ccncn2)cc1,active,425.8760000000001,5.388500000000002,2.0,6.0,6.213248577854439
CHEMBL249061,O=C(Nc1nc(-c2cccc(F)c2F)cs1)c1ccc(Nc2ccncn2)cc1,active,409.42100000000005,4.874200000000003,2.0,6.0,6.3819519032879075
CHEMBL398549,O=C(Nc1nc(-c2ccc([N+](=O)[O-])cc2)cs1)c1ccc(Nc2ccncn2)cc1,inactive,418.4380000000001,4.504200000000003,2.0,8.0,5.0
CHEMBL401276,O=C(Nc1nc(-c2ccc(OC(F)(F)F)cc2)cs1)c1ccc(Nc2ccncn2)cc1,inactive,457.43700000000007,5.494600000000003,2.0,7.0,5.0
CHEMBL247655,O=C(Nc1nc(-c2ccc(OC(F)F)cc2)cs1)c1ccc(Nc2ccncn2)cc1,inactive,439.44700000000006,5.197400000000003,2.0,7.0,5.0
CHEMBL248237,O=C(Nc1nc(-c2ccc(C(F)(F)F)cc2)cs1)c1ccc(Nc2ccncn2)cc1,active,441.43800000000005,5.6148000000000025,2.0,6.0,6.308034897232639
CHEMBL399136,O=C(Nc1nc(-c2ccc(Cl)cc2)cs1)c1ccc(Nc2ccncn2)cc1,active,407.8860000000001,5.249400000000002,2.0,6.0,6.245651664288981
CHEMBL245993,O=C(Nc1nc(-c2cccc(OC(F)(F)F)c2)cs1)c1ccc(Nc2ccncn2)cc1,active,457.43700000000007,5.494600000000003,2.0,7.0,6.546681659952962
CHEMBL246619,O=C(Nc1nc(-c2cccc(C(F)(F)F)c2)cs1)c1ccc(Nc2ccncn2)cc1,active,441.43800000000005,5.6148000000000025,2.0,6.0,6.3788237182249645
CHEMBL246618,O=C(Nc1nc(-c2cccc(Br)c2)cs1)c1ccc(Nc2ccncn2)cc1,active,452.3370000000001,5.358500000000003,2.0,6.0,6.1904402853647325
CHEMBL398286,O=C(Nc1nc(-c2cccc(F)c2)cs1)c1ccc(Nc2ccncn2)cc1,inactive,391.43100000000004,4.735100000000003,2.0,6.0,5.0
CHEMBL246616,O=C(Nc1nc(-c2ccccc2C(F)(F)F)cs1)c1ccc(Nc2ccncn2)cc1,inactive,441.43800000000005,5.6148000000000025,2.0,6.0,5.0
CHEMBL245795,O=C(Nc1nc2c(s1)CCOc1c-2cccc1C(F)(F)F)c1ccc(Nc2ccncn2)cc1,active,483.4750000000001,5.549700000000003,2.0,7.0,7.568636235841013
CHEMBL399357,O=C(Nc1nc2c(s1)COc1c-2cccc1C(F)(F)F)c1ccc(Nc2ccncn2)cc1,active,469.4480000000001,5.507200000000003,2.0,7.0,6.853871964321762
CHEMBL248390,CN(C)c1cc(Nc2ccc(C(=O)Nc3nc(-c4ccc(F)c(C(F)(F)F)c4)c(Cl)s3)cc2)ncn1,active,536.9420000000001,6.473300000000004,2.0,7.0,7.958607314841775
CHEMBL248389,Cc1sc(NC(=O)c2ccc(Nc3cc(N(C)C)ncn3)cc2)nc1-c1ccc(F)c(C(F)(F)F)c1,active,516.5240000000002,6.128320000000003,2.0,7.0,7.346787486224656
CHEMBL248388,Cc1sc(NC(=O)c2ccc(Nc3ccncn3)cc2)nc1-c1ccc(F)c(C(F)(F)F)c1,active,473.45500000000015,6.0623200000000015,2.0,6.0,6.7447274948966935
CHEMBL399356,Cc1sc(NC(=O)c2ccc(Nc3ccncn3)cc2)nc1-c1cccc(C(F)(F)F)c1F,active,473.45500000000015,6.062320000000002,2.0,6.0,6.267606240177032
CHEMBL248218,O=C(Nc1nc(-c2cccc(C(F)(F)F)c2F)cs1)c1ccc(Nc2cc(N3CC(O)C3)ncn2)cc1,active,530.5070000000002,4.934800000000004,3.0,8.0,8.045757490560675
CHEMBL248217,O=C(Nc1nc(-c2cccc(C(F)(F)F)c2F)cs1)c1ccc(Nc2cc(N3CCC3)ncn2)cc1,active,514.5080000000003,5.964000000000003,2.0,7.0,7.638272163982407
CHEMBL248042,COCCN(C)c1cc(Nc2ccc(C(=O)Nc3nc(-c4cccc(C(F)(F)F)c4F)cs3)cc2)ncn1,active,546.5500000000001,5.8365000000000045,2.0,8.0,7.075720713938118
CHEMBL440231,CN(CCO)c1cc(Nc2ccc(C(=O)Nc3nc(-c4cccc(C(F)(F)F)c4F)cs3)cc2)ncn1,active,532.5230000000001,5.182400000000003,3.0,8.0,7.657577319177793
CHEMBL248041,O=C(Nc1nc(-c2cccc(C(F)(F)F)c2F)cs1)c1ccc(Nc2cc(NCCO)ncn2)cc1,active,518.4960000000002,5.158100000000003,4.0,8.0,7.187086643357144
CHEMBL247019,CCNc1cc(Nc2ccc(C(=O)Nc3nc(-c4cccc(C(F)(F)F)c4F)cs3)cc2)ncn1,active,502.49700000000007,6.185700000000002,3.0,7.0,6.886056647693163
CHEMBL247017,CN(C)c1cc(Nc2ccc(C(=O)Nc3nc(-c4cccc(C(F)(F)F)c4F)cs3)cc2)ncn1,active,502.49700000000007,5.819900000000003,2.0,7.0,7.267606240177032
CHEMBL246847,COc1cc(Nc2ccc(C(=O)Nc3nc(-c4cccc(C(F)(F)F)c4F)cs3)cc2)ncn1,active,489.45400000000006,5.762500000000002,2.0,7.0,7.42021640338319
CHEMBL246846,Cc1cc(Nc2ccc(C(=O)Nc3nc(-c4cccc(C(F)(F)F)c4F)cs3)cc2)nc(C)n1,inactive,487.4820000000001,6.370740000000003,2.0,6.0,5.0
CHEMBL245794,Cc1cc(Nc2ccc(C(=O)Nc3nc(-c4cccc(C(F)(F)F)c4F)cs3)cc2)ncn1,active,473.45500000000004,6.062320000000002,2.0,6.0,7.366531544420414
CHEMBL245793,Cc1nccc(Nc2ccc(C(=O)Nc3nc(-c4cccc(C(F)(F)F)c4F)cs3)cc2)n1,inactive,473.45500000000004,6.062320000000002,2.0,6.0,5.0
CHEMBL247642,O=C(Nc1nc(-c2ccc(F)c(F)c2)cs1)c1ccc(Nc2ccncn2)cc1,inactive,409.42100000000005,4.874200000000003,2.0,6.0,5.0
CHEMBL245792,CN(C(=O)c1ccc(Nc2ccncn2)cc1)c1nc(-c2cccc(C(F)(F)F)c2F)cs1,inactive,473.4550000000001,5.778200000000003,1.0,6.0,5.0
CHEMBL248216,O=C(Nc1nc(-c2cccc(C(F)(F)F)c2F)cs1)c1ccc(Oc2ccncn2)cc1,inactive,460.4120000000001,5.8026000000000035,1.0,6.0,5.0
CHEMBL248215,CN(c1ccc(C(=O)Nc2nc(-c3cccc(C(F)(F)F)c3F)cs2)cc1)c1ccncn1,inactive,473.45500000000004,5.778200000000003,1.0,6.0,5.0
CHEMBL399767,O=C(Nc1nc(-c2cccc(C(F)(F)F)c2F)cs1)c1ccc(Nc2nccnn2)cc1,inactive,460.41600000000005,5.148900000000002,2.0,7.0,5.0
CHEMBL248039,O=C(Nc1nc(-c2cccc(C(F)(F)F)c2F)cs1)c1ccc(Nc2ncncn2)cc1,active,460.41600000000005,5.148900000000002,2.0,7.0,6.267606240177032
CHEMBL438874,O=C(Nc1nc(-c2ccc(F)c(C(F)(F)F)c2)cs1)c1ccc(Nc2ccnnc2)cc1,active,459.42800000000005,5.7539000000000025,2.0,6.0,6.3979400086720375
CHEMBL247016,O=C(Nc1nc(-c2cccc(C(F)(F)F)c2F)cs1)c1ccc(Nc2ccnnc2)cc1,active,459.42800000000005,5.7539000000000025,2.0,6.0,6.920818753952375
CHEMBL247015,O=C(Nc1nc(-c2ccc(F)cc2F)cs1)c1ccc(Nc2ccnnc2)cc1,active,409.42100000000005,4.874200000000003,2.0,6.0,6.259637310505756
CHEMBL246844,O=C(Nc1nc(-c2cccc(C(F)(F)F)c2F)cs1)c1ccc(Nc2cccnn2)cc1,inactive,459.42800000000005,5.7539000000000025,2.0,6.0,5.0
CHEMBL246843,O=C(Nc1nc(-c2cccc(C(F)(F)F)c2F)cs1)c1ccc(Nc2cncnc2)cc1,active,459.42800000000005,5.753900000000003,2.0,6.0,6.494850021680094
CHEMBL248211,O=C(Nc1nc(-c2cccc(C(F)(F)F)c2F)cs1)c1ccc(Nc2ccncc2)cc1,active,458.44000000000005,6.358900000000003,2.0,5.0,6.3979400086720375
CHEMBL247650,O=C(Nc1nc(-c2cccc(C(F)(F)F)c2F)cs1)c1ccc(Nc2ccccc2)cc1,inactive,457.45200000000006,6.963900000000003,2.0,4.0,5.0
CHEMBL247240,CN(C)c1cc(Nc2ccc(C(=O)Nc3nc(-c4ccc(F)c(C(F)(F)F)c4)ns3)cc2)ncn1,active,503.48500000000007,5.214900000000003,2.0,8.0,7.366531544420414
CHEMBL249672,CN(c1cc(Nc2ccc(C(=O)Nc3nc(-c4ccc(F)c(C(F)(F)F)c4)ns3)cc2)ncn1)C(CO)NO,active,564.5250000000001,3.882300000000002,5.0,11.0,7.5376020021010435
CHEMBL442278,O=C(Nc1nc(-c2ccc(F)c(C(F)(F)F)c2)ns1)c1ccc(Nc2cc(N(CCCO)CCCO)ncn2)cc1,active,591.5910000000002,4.720100000000005,4.0,10.0,7.1487416512809245
CHEMBL249471,O=C(Nc1nc(-c2ccc(F)c(C(F)(F)F)c2)ns1)c1ccc(Nc2cc(N3CC(O)C3)ncn2)cc1,active,531.4950000000002,4.329800000000003,3.0,9.0,7.886056647693163
CHEMBL246429,O=C(Nc1nc(-c2ccc(F)c(C(F)(F)F)c2)ns1)c1ccc(Nc2cc(N3CCC3)ncn2)cc1,active,515.4960000000002,5.3590000000000035,2.0,8.0,7.0915149811213505
CHEMBL246428,COCCN(C)c1cc(Nc2ccc(C(=O)Nc3nc(-c4ccc(F)c(C(F)(F)F)c4)ns3)cc2)ncn1,active,547.538,5.231500000000004,2.0,9.0,6.886056647693163
CHEMBL248434,CN(CCO)c1cc(Nc2ccc(C(=O)Nc3nc(-c4ccc(F)c(C(F)(F)F)c4)ns3)cc2)ncn1,active,533.5110000000001,4.577400000000003,3.0,9.0,6.657577319177793
CHEMBL248428,O=C(Nc1nc(-c2ccc(F)c(C(F)(F)F)c2)ns1)c1ccc(Nc2cc(NCCO)ncn2)cc1,active,519.4840000000002,4.553100000000003,4.0,9.0,7.522878745280337
CHEMBL246421,O=C(Nc1cc(-c2ccc(Cl)cc2)ns1)c1ccc(Nc2ccncn2)cc1,inactive,407.8860000000001,5.249400000000003,2.0,6.0,5.0
CHEMBL399074,O=C(Nc1cc(-c2ccccc2)ns1)c1ccc(Nc2ccncn2)cc1,inactive,373.44100000000003,4.596000000000003,2.0,6.0,5.0
CHEMBL246197,O=C(Nc1cnn(-c2ccc(F)c(C(F)(F)F)c2)c1)c1ccc(Nc2ccncn2)cc1,inactive,442.37600000000003,4.816100000000002,2.0,6.0,5.0
CHEMBL246196,O=C(Nc1cnn(-c2cccc(C(F)(F)F)c2F)c1)c1ccc(Nc2ccncn2)cc1,inactive,442.3760000000001,4.816100000000002,2.0,6.0,5.0
CHEMBL399073,O=C(Nc1cnn(-c2ccc(Cl)c(Cl)c2)c1)c1ccc(Nc2ccncn2)cc1,inactive,425.2790000000001,4.9650000000000025,2.0,6.0,5.0
CHEMBL248242,O=C(Nc1nsc(-c2cccc(OC(F)(F)F)c2F)n1)c1ccc(Nc2ccncn2)cc1,inactive,476.41500000000013,5.028700000000002,2.0,8.0,5.0
CHEMBL400195,O=C(Nc1nsc(-c2cccc(C(F)(F)F)c2F)n1)c1ccc(Nc2ccncn2)cc1,inactive,460.4160000000001,5.148900000000002,2.0,7.0,5.0
CHEMBL248241,O=C(Nc1nsc(-c2ccc(F)c(F)c2)n1)c1ccc(Nc2ccncn2)cc1,inactive,410.40900000000005,4.269200000000001,2.0,7.0,5.0
CHEMBL248055,O=C(Nc1nc(-c2cccc(OC(F)(F)F)c2F)ns1)c1ccc(Nc2ccncn2)cc1,active,476.4150000000001,5.028700000000002,2.0,8.0,6.013228265733755
CHEMBL439406,O=C(Nc1nc(-c2cccc(OC(F)(F)F)c2)ns1)c1ccc(Nc2ccncn2)cc1,inactive,458.42500000000007,4.889600000000002,2.0,8.0,5.0
CHEMBL248054,O=C(Nc1nc(-c2ccc(C(F)(F)F)c(F)c2)ns1)c1ccc(Nc2ccncn2)cc1,inactive,460.41600000000005,5.148900000000002,2.0,7.0,5.0
CHEMBL248053,O=C(Nc1nc(-c2ccc(F)c(C(F)(F)F)c2)ns1)c1ccc(Nc2ccncn2)cc1,active,460.41600000000005,5.148900000000002,2.0,7.0,6.3872161432802645
CHEMBL248047,O=C(Nc1nc(-c2ccc(F)c(F)c2)ns1)c1ccc(Nc2ccncn2)cc1,active,410.40900000000005,4.269200000000002,2.0,7.0,6.142667503568732
CHEMBL248026,O=C(Nc1ncc(-c2cccc(C(F)(F)F)c2F)s1)c1ccc(Nc2ccncn2)cc1,inactive,459.42800000000005,5.7539000000000025,2.0,6.0,5.0
CHEMBL429295,O=C(Nc1nc(-c2cccc(OC(F)(F)F)c2F)cs1)c1ccc(Nc2cc(N3CC(O)C3)ncn2)cc1,active,546.5060000000002,4.814600000000004,3.0,9.0,8.154901959985743
CHEMBL428226,O=C(Nc1nc(-c2cccc(C(F)(F)F)c2F)cs1)c1ccc(Nc2ccncn2)cc1,active,459.42800000000005,5.7539000000000025,2.0,6.0,7.221848749616356
CHEMBL247822,O=C(Nc1nc(-c2ccc(F)c(C(F)(F)F)c2)cs1)c1ccc(Nc2ccncn2)cc1,active,459.42800000000005,5.7539000000000025,2.0,6.0,7.0
CHEMBL247431,O=C(Nc1nc(-c2ccc(F)cc2F)cs1)c1ccc(Nc2ccncn2)cc1,active,409.42100000000005,4.874200000000003,2.0,6.0,6.769551078621726
CHEMBL399136,O=C(Nc1nc(-c2ccc(Cl)cc2)cs1)c1ccc(Nc2ccncn2)cc1,active,407.8860000000001,5.249400000000002,2.0,6.0,6.2441251443275085
CHEMBL251095,O=C1NC(=O)/C(=C/c2ccc(C(=O)Nc3nc(-c4ccc(F)c(F)c4)cs3)cc2)S1,active,443.456,4.664500000000002,2.0,6.0,7.552841968657781
CHEMBL258532,Cc1sc(N)nc1-c1ccc(F)c(C(F)(F)F)c1,active,276.258,3.858620000000001,1.0,3.0,6.7447274948966935
CHEMBL405683,Nc1nc(-c2ccc(F)c(C(F)(F)F)c2)c(F)s1,active,280.22099999999995,3.6893000000000002,1.0,3.0,7.050609993355087
CHEMBL260846,Nc1nc(-c2ccc(F)c(C(F)(F)F)c2)cs1,active,262.23099999999994,3.5502000000000002,1.0,3.0,7.0
CHEMBL405203,Cc1sc(N)nc1-c1cccc(C(F)(F)F)c1F,active,276.258,3.858620000000001,1.0,3.0,6.267606240177032
CHEMBL262855,Nc1nc(-c2cccc(C(F)(F)F)c2F)c(F)s1,active,280.2209999999999,3.6893000000000002,1.0,3.0,6.154901959985743
CHEMBL405478,Nc1nc(-c2ccc(C(F)(F)F)cc2F)cs1,active,262.23099999999994,3.5502000000000002,1.0,3.0,6.585026652029182
CHEMBL263109,Nc1nc(-c2cccc(C(F)(F)F)c2F)cs1,active,262.23099999999994,3.5502000000000002,1.0,3.0,7.2441251443275085
CHEMBL408853,Nc1nc(-c2cccc(OC(F)(F)F)c2F)cs1,active,278.2299999999999,3.4300000000000006,1.0,4.0,7.494850021680094
CHEMBL412807,Nc1nc(-c2c(F)cccc2F)cs1,inactive,212.224,2.6705000000000005,1.0,3.0,5.0
CHEMBL399357,O=C(Nc1nc2c(s1)COc1c-2cccc1C(F)(F)F)c1ccc(Nc2ccncn2)cc1,active,469.4480000000001,5.507200000000003,2.0,7.0,6.853871964321762
CHEMBL409092,O=C(Nc1nc2c(s1)COc1c(Cl)cccc1-2)c1ccc(Nc2ccncn2)cc1,active,435.89600000000013,5.141800000000003,2.0,7.0,6.275724130399211
CHEMBL409504,O=C(Nc1nc2c(s1)COc1ccccc1-2)c1ccc(Nc2ccncn2)cc1,active,401.4510000000001,4.488400000000003,2.0,7.0,6.2839966563652006
CHEMBL247644,O=C(Nc1nc(-c2ccc(C(F)(F)F)c(F)c2F)cs1)c1ccc(Nc2ccncn2)cc1,active,477.41800000000006,5.893000000000002,2.0,6.0,7.060480747381382
CHEMBL247643,O=C(Nc1nc(-c2ccc(C(F)(F)F)c(F)c2)cs1)c1ccc(Nc2ccncn2)cc1,active,459.42800000000005,5.7539000000000025,2.0,6.0,6.5376020021010435
CHEMBL247645,O=C(Nc1nc(-c2ccc(F)c(C(F)(F)F)c2F)cs1)c1ccc(Nc2ccncn2)cc1,active,477.41800000000006,5.893000000000002,2.0,6.0,7.481486060122112
CHEMBL247822,O=C(Nc1nc(-c2ccc(F)c(C(F)(F)F)c2)cs1)c1ccc(Nc2ccncn2)cc1,active,459.42800000000005,5.7539000000000025,2.0,6.0,7.0
CHEMBL393087,O=C(Nc1nc(-c2ccc(F)c(F)c2F)cs1)c1ccc(Nc2ccncn2)cc1,active,427.41100000000006,5.013300000000003,2.0,6.0,7.075720713938118
CHEMBL247642,O=C(Nc1nc(-c2ccc(F)c(F)c2)cs1)c1ccc(Nc2ccncn2)cc1,active,409.42100000000005,4.874200000000003,2.0,6.0,6.3979400086720375
CHEMBL247606,O=C(Nc1nc(-c2cccc(OC(F)(F)F)c2F)cs1)c1ccc(Nc2ccncn2)cc1,active,475.4270000000001,5.633700000000003,2.0,7.0,7.494850021680094
CHEMBL245993,O=C(Nc1nc(-c2cccc(OC(F)(F)F)c2)cs1)c1ccc(Nc2ccncn2)cc1,active,457.43700000000007,5.494600000000003,2.0,7.0,6.552841968657781
CHEMBL428227,O=C(Nc1nc(-c2ccc(C(F)(F)F)cc2F)cs1)c1ccc(Nc2ccncn2)cc1,active,459.42800000000005,5.7539000000000025,2.0,6.0,6.585026652029182
CHEMBL248237,O=C(Nc1nc(-c2ccc(C(F)(F)F)cc2)cs1)c1ccc(Nc2ccncn2)cc1,active,441.43800000000005,5.6148000000000025,2.0,6.0,6.309803919971486
CHEMBL428226,O=C(Nc1nc(-c2cccc(C(F)(F)F)c2F)cs1)c1ccc(Nc2ccncn2)cc1,active,459.42800000000005,5.7539000000000025,2.0,6.0,7.221848749616356
CHEMBL246619,O=C(Nc1nc(-c2cccc(C(F)(F)F)c2)cs1)c1ccc(Nc2ccncn2)cc1,active,441.43800000000005,5.6148000000000025,2.0,6.0,6.376750709602099
CHEMBL249063,O=C(Nc1nc(-c2cccc(Br)c2F)cs1)c1ccc(Nc2ccncn2)cc1,active,470.32700000000006,5.497600000000003,2.0,6.0,7.0
CHEMBL246618,O=C(Nc1nc(-c2cccc(Br)c2)cs1)c1ccc(Nc2ccncn2)cc1,active,452.3370000000001,5.358500000000003,2.0,6.0,6.1938200260161125
CHEMBL399136,O=C(Nc1nc(-c2ccc(Cl)cc2)cs1)c1ccc(Nc2ccncn2)cc1,active,407.8860000000001,5.249400000000002,2.0,6.0,6.2441251443275085
CHEMBL247431,O=C(Nc1nc(-c2ccc(F)cc2F)cs1)c1ccc(Nc2ccncn2)cc1,active,409.42100000000005,4.874200000000003,2.0,6.0,6.769551078621726
CHEMBL249061,O=C(Nc1nc(-c2cccc(F)c2F)cs1)c1ccc(Nc2ccncn2)cc1,active,409.42100000000005,4.874200000000003,2.0,6.0,6.376750709602099
CHEMBL398286,O=C(Nc1nc(-c2cccc(F)c2)cs1)c1ccc(Nc2ccncn2)cc1,inactive,391.43100000000004,4.735100000000003,2.0,6.0,5.0
CHEMBL248006,O=C(Nc1nc(-c2c(F)cccc2F)cs1)c1ccc(Nc2ccncn2)cc1,inactive,409.4210000000001,4.874200000000003,2.0,6.0,5.0
CHEMBL247818,O=C(Nc1nc(-c2ccc(Cl)cc2Cl)cs1)c1ccc(Nc2ccncn2)cc1,active,442.3310000000001,5.902800000000003,2.0,6.0,6.292429823902063
CHEMBL393268,O=C(Nc1nc(-c2ccc(Cl)cc2F)cs1)c1ccc(Nc2ccncn2)cc1,active,425.8760000000001,5.388500000000002,2.0,6.0,6.638272163982407
CHEMBL249062,O=C(Nc1nc(-c2cccc(Cl)c2F)cs1)c1ccc(Nc2ccncn2)cc1,active,425.8760000000001,5.388500000000002,2.0,6.0,6.214670164989233
CHEMBL246616,O=C(Nc1nc(-c2ccccc2C(F)(F)F)cs1)c1ccc(Nc2ccncn2)cc1,inactive,441.43800000000005,5.6148000000000025,2.0,6.0,5.0
CHEMBL461101,CC1=NN(c2ccc(C)c(C)c2)C(=O)/C1=N\Nc1cccc(-c2cccc(C(=O)O)c2)c1O,active,442.47500000000014,4.564840000000005,3.0,6.0,7.42021640338319
CHEMBL477195,CCCCc1ccc(-c2ccc3c4c([nH]c3c2)-c2ccc(C(=O)O)cc2CC4)cc1,active,395.5020000000002,6.641300000000006,2.0,1.0,6.954677021213342
CHEMBL525906,CCCCc1ccc(-c2ccc3c4c([nH]c3c2)-c2ccc(C(=O)O)cc2C4)cc1,active,381.47500000000014,6.446900000000006,2.0,1.0,6.795880017344075
CHEMBL496950,CCCCc1ccc(-c2ccc3c4c([nH]c3c2)-c2ccc(C(N)=O)cc2C4)cc1,active,380.49100000000016,5.847600000000006,2.0,1.0,7.0655015487564325
CHEMBL496122,CCCc1ccc(-c2ccc3c4c([nH]c3c2F)-c2ccc(C(=O)O)cc2C4)cc1,active,385.4380000000001,6.195900000000004,2.0,1.0,7.431798275933005
CHEMBL496123,Cc1cc(-c2ccc3c4c([nH]c3c2F)-c2ccc(C(=O)O)cc2C4)ccc1F,active,375.3740000000001,5.690920000000004,2.0,1.0,7.585026652029182
CHEMBL522391,Cc1cc(-c2ccc3c4c([nH]c3c2F)-c2ccc(C(N)=O)cc2C4)ccc1F,active,374.3900000000001,5.091620000000003,2.0,1.0,6.557520230935552
CHEMBL525732,CCCCc1ccc(-c2ccc3c4c([nH]c3c2F)-c2ccc(C(=O)O)cc2C4(C)C)cc1,active,427.5190000000002,7.321100000000006,2.0,1.0,6.954677021213342
CHEMBL497372,CCCCc1ccc(-c2ccc3c4c([nH]c3c2)-c2ccc(C(=O)O)cc2S(=O)(=O)C4)cc1,active,445.5400000000002,5.830000000000005,2.0,3.0,6.347753658996677
CHEMBL497583,Cc1cc(-c2ccc3c4c([nH]c3c2F)-c2ccc(C(N)=O)cc2COC4=O)ccc1F,inactive,418.39900000000017,4.857820000000004,2.0,3.0,4.522878745280337
CHEMBL525533,CCCCc1ccc(-c2ccc3cc(-c4ccc(C(=O)O)cc4)[nH]c3c2F)cc1,active,387.45400000000006,6.681800000000005,2.0,1.0,6.931814138253839
CHEMBL497793,CCCCc1ccc(-c2ccc3cc(-c4ccc(C(N)=O)cc4)[nH]c3c2F)cc1,active,386.4700000000001,6.082500000000005,2.0,1.0,6.795880017344075
CHEMBL522070,CCCCc1ccc(-c2ccc3cc(-c4ccc(C(=O)O)c(O)c4)[nH]c3c2F)cc1,active,403.4530000000001,6.387400000000005,3.0,2.0,7.292429823902063
CHEMBL496755,CCCCc1ccc(-c2ccc3c(C)c(-c4ccc(C(=O)O)c(O)c4)[nH]c3c2F)cc1,active,417.4800000000001,6.695820000000006,3.0,2.0,6.935542010773082
CHEMBL495731,CCCCc1ccc(-c2ccc3c(CC)c(-c4ccc(C(=O)O)c(O)c4)[nH]c3c2F)cc1,active,431.5070000000001,6.949800000000006,3.0,2.0,6.642065152999546
CHEMBL497348,CCCCc1ccc(-c2ccc3c(C(C)C)c(-c4ccc(C(=O)O)c(O)c4)[nH]c3c2F)cc1,active,445.5340000000001,7.510800000000006,3.0,2.0,6.0
CHEMBL497349,CCCCc1ccc(-c2ccc3nc(-c4ccc(C(=O)O)c(O)c4)[nH]c3c2)cc1,active,386.4510000000001,5.643300000000005,3.0,3.0,6.747146969020107
CHEMBL498581,CCCCc1ccc(-c2ccc3c4c([nH]c3c2F)-c2ccc(NC(C)=O)cc2C4)cc1,active,412.50800000000015,6.846200000000006,2.0,1.0,7.6020599913279625
CHEMBL498173,CCCCc1ccc(-c2ccc3c4c([nH]c3c2F)-c2ccc(NC(=O)C(=O)O)cc2C4)cc1,active,442.4900000000002,5.910900000000005,3.0,2.0,7.6777807052660805
CHEMBL497149,CCCCc1ccc(-c2ccc3c4c([nH]c3c2F)-c2cc(NC(C)=O)c(C(=O)O)cc2C4)cc1,active,456.5170000000002,6.544400000000005,3.0,2.0,6.424812155072339
CHEMBL429295,O=C(Nc1nc(-c2cccc(OC(F)(F)F)c2F)cs1)c1ccc(Nc2cc(N3CC(O)C3)ncn2)cc1,active,546.5060000000002,4.814600000000004,3.0,9.0,8.154901959985743
CHEMBL523975,O=C(Nc1nc(-c2cccc(C(F)(F)F)c2F)cs1)c1cnc(N2CCC(C(=O)O)CC2)c(Cl)c1,active,528.9150000000003,5.569700000000004,2.0,6.0,7.481486060122112
CHEMBL462874,NC(=O)C1CCN(c2ncc(C(=O)Nc3nc(-c4cccc(C(F)(F)F)c4F)cs3)cc2Cl)CC1,active,527.931,4.970400000000002,2.0,6.0,7.552841968657781
CHEMBL516993,NS(=O)(=O)C1CCN(c2ncc(C(=O)Nc3nc(-c4cccc(C(F)(F)F)c4F)cs3)cc2Cl)CC1,active,563.986,4.526000000000003,2.0,7.0,7.468521082957745
CHEMBL461174,C[C@H]1CN(c2ncc(C(=O)Nc3nc(-c4cccc(C(F)(F)F)c4F)cs3)cc2Cl)CC1C(=O)O,active,528.9150000000002,5.425600000000003,2.0,6.0,7.366531544420414
CHEMBL524116,C[C@@H](Nc1ncc(C(=O)Nc2nc(-c3cccc(C(F)(F)F)c3F)cs2)cc1Cl)C(=O)O,active,488.85000000000014,5.1537000000000015,3.0,6.0,7.2441251443275085
CHEMBL490096,O=C(Nc1nc(-c2cccc(C(F)(F)F)c2F)cs1)c1cnc(N2CCNC(C(=O)O)C2)c(Cl)c1,active,529.9030000000002,4.131500000000003,3.0,7.0,6.889410289700751
CHEMBL489309,O=C(Nc1nc(-c2cccc(C(F)(F)F)c2F)cs1)c1cnc(N2CCCC(C(=O)O)C2)c(Cl)c1,active,528.9150000000003,5.569700000000004,2.0,6.0,6.531652669587842
CHEMBL523097,O=C(Nc1nc(-c2cccc(C(F)(F)F)c2F)cs1)c1ccc(N2CCC(C(=O)O)CC2)nc1,active,494.47000000000025,4.916300000000003,2.0,6.0,6.366531544420414
CHEMBL518057,O=C(Nc1nc(-c2cccc(C(F)(F)F)c2F)cs1)c1cnc(N2CCC(c3nn[nH]n3)CC2)c(Cl)c1,active,552.9450000000003,5.165800000000003,2.0,8.0,6.314258261397736
CHEMBL455445,O=C(Nc1nc(-c2cccc(C(F)(F)F)c2F)cs1)c1cnc(N2CCCCC2)c(Cl)c1,inactive,484.9060000000003,6.259000000000003,1.0,5.0,5.0
CHEMBL455654,O=C(Nc1nc(-c2cccc(C(F)(F)F)c2F)cs1)c1cc(Cl)c(N2CCC(C(=O)O)CC2)c(Cl)c1,active,562.3720000000002,6.828100000000004,2.0,5.0,8.0
CHEMBL459474,O=C(Nc1nc(-c2cccc(C(F)(F)F)c2F)cs1)c1cnc(N2CCC(C(=O)O)CC2)c(Br)c1,active,573.3660000000002,5.678800000000003,2.0,6.0,7.301029995663981
CHEMBL459687,O=C(Nc1nc(-c2cccc(C(F)(F)F)c2F)cs1)c1ccc(N2CCC(C(=O)O)CC2)c(Cl)c1,active,527.9270000000002,6.174700000000004,2.0,5.0,7.251811972993799
CHEMBL461974,O=C(Nc1nc(-c2cccc(C(F)(F)F)c2F)cs1)c1cnc(N2CCC(C(=O)O)CC2)c(C(F)(F)F)c1,active,562.4670000000003,5.935100000000003,2.0,6.0,6.872895201635193
CHEMBL461975,N#Cc1cc(C(=O)Nc2nc(-c3cccc(C(F)(F)F)c3F)cs2)cnc1N1CCC(C(=O)O)CC1,active,519.4800000000001,4.787980000000003,2.0,7.0,6.860120913598763
CHEMBL462144,Cc1cc(C(=O)Nc2nc(-c3cccc(C(F)(F)F)c3F)cs2)cnc1N1CCC(C(=O)O)CC1,active,508.4970000000003,5.224720000000003,2.0,6.0,6.5968794788241825
CHEMBL463814,O=C(Nc1nc(-c2cccc(C(F)(F)F)c2F)cs1)c1cnc(N2CCC(C(=O)O)CC2)c(F)c1,active,512.4600000000003,5.055400000000003,2.0,6.0,6.0
CHEMBL461100,COc1cc(C(=O)Nc2nc(-c3cccc(C(F)(F)F)c3F)cs2)cnc1N1CCC(C(=O)O)CC1,active,524.4960000000002,4.924900000000004,2.0,7.0,6.0
CHEMBL490410,OCc1cc2ccc3c4ccccc4[nH]c3c2cc1O,inactive,263.296,3.6722000000000015,3.0,2.0,4.522878745280337
CHEMBL522280,Cn1c2ccccc2c2ccc3cc(C(=O)O)c(O)cc3c21,inactive,291.30600000000004,3.8885000000000014,2.0,3.0,4.522878745280337
CHEMBL490411,COc1cc2c(ccc3c4ccccc4[nH]c23)cc1C(=O)O,inactive,291.30600000000004,4.1811000000000025,2.0,2.0,4.522878745280337
CHEMBL489388,Cc1ccc2c(c1)[nH]c1c3cc(O)c(C(=O)O)cc3ccc21,active,291.30600000000004,4.186520000000002,3.0,2.0,6.060480747381382
CHEMBL491798,O=C(O)c1cc2ccc3c4ccc(C(F)(F)F)cc4[nH]c3c2cc1O,active,345.276,4.896900000000002,3.0,2.0,6.844663962534939
CHEMBL490585,O=C(O)c1cc2c(cc1O)-c1[nH]c3cc(C(F)(F)F)ccc3c1CC2,active,347.29200000000014,4.356100000000001,3.0,2.0,6.325138859262188
CHEMBL490586,O=C(O)c1cc2c(cc1O)-c1[nH]c3c(F)ccc(C(F)(F)F)c3c1CC2,active,365.2820000000001,4.4952000000000005,3.0,2.0,6.097453220686009
CHEMBL523460,O=C(O)c1cc2c(cc1O)-c1[nH]c3ccc(C(F)(F)F)cc3c1CC2,active,347.29200000000014,4.356100000000001,3.0,2.0,6.47755576649368
CHEMBL521797,N#Cc1ccc2[nH]c3c(c2c1)CCc1cc(C(=O)O)c(O)cc1-3,inactive,304.305,3.2089800000000004,3.0,3.0,4.522878745280337
CHEMBL491804,O=C(O)c1cc2c(cc1O)-c1[nH]c3cccc(-c4ccccc4)c3c1CC2,inactive,355.39300000000014,5.004300000000002,3.0,2.0,4.522878745280337
CHEMBL521768,O=C(O)c1cc2c(cc1O)-c1[nH]c3ccc(-c4ccccc4)cc3c1CC2,active,355.39300000000014,5.004300000000002,3.0,2.0,6.244887733604929
CHEMBL489365,O=C(O)c1cc2c(cc1O)-c1[nH]c3cc(-c4ccccc4)ccc3c1CC2,active,355.39300000000014,5.004300000000002,3.0,2.0,6.428291168191312
CHEMBL489366,O=C(O)c1cc2c(cc1O)-c1[nH]c3cc(C4CCCCC4)ccc3c1CC2,inactive,361.4410000000002,5.385000000000003,3.0,2.0,4.522878745280337
CHEMBL521746,Cc1cccc(-c2ccc3c4c([nH]c3c2)-c2cc(O)c(C(=O)O)cc2CC4)c1,active,369.4200000000002,5.312720000000004,3.0,2.0,6.7121982700697735
CHEMBL489367,Cc1ccc(-c2ccc3c4c([nH]c3c2)-c2cc(O)c(C(=O)O)cc2CC4)cc1,active,369.4200000000002,5.312720000000005,3.0,2.0,6.962573502059376
CHEMBL492017,Cc1cccc(C)c1-c1ccc2c3c([nH]c2c1)-c1cc(O)c(C(=O)O)cc1CC3,active,383.44700000000023,5.621140000000005,3.0,2.0,6.634512015109101
CHEMBL477174,Cc1ccc(-c2ccc3c4c([nH]c3c2)-c2cc(O)c(C(=O)O)cc2CC4)cc1C,active,383.44700000000023,5.621140000000005,3.0,2.0,7.187086643357144
CHEMBL477175,Cc1cc(C)cc(-c2ccc3c4c([nH]c3c2)-c2cc(O)c(C(=O)O)cc2CC4)c1,active,383.4470000000002,5.621140000000005,3.0,2.0,7.173925197299173
CHEMBL477381,Cc1cc(-c2ccc3c4c([nH]c3c2)-c2cc(O)c(C(=O)O)cc2CC4)ccc1F,active,387.41000000000014,5.451820000000004,3.0,2.0,7.455931955649724
CHEMBL515795,O=C(O)c1cc2c(cc1O)-c1[nH]c3cc(-c4cccc(C(F)(F)F)c4)ccc3c1CC2,active,423.39000000000016,6.023100000000004,3.0,2.0,6.8297382846050425
CHEMBL476556,CN(C)c1ccc(-c2ccc3c4c([nH]c3c2)-c2cc(O)c(C(=O)O)cc2CC4)cc1,active,398.46200000000016,5.070300000000004,3.0,3.0,6.546681659952962
CHEMBL479081,CCCCc1ccc(-c2ccc3c4c([nH]c3c2)-c2cc(O)c(C(=O)O)cc2CC4)cc1,active,411.5010000000002,6.346900000000006,3.0,2.0,7.585026652029182
CHEMBL518285,CCCOc1ccc(-c2ccc3c4c([nH]c3c2)-c2cc(O)c(C(=O)O)cc2CC4)cc1,active,413.4730000000002,5.793100000000005,3.0,3.0,7.3872161432802645
CHEMBL479082,COCc1ccc(-c2ccc3c4c([nH]c3c2)-c2cc(O)c(C(=O)O)cc2CC4)cc1,active,399.4460000000002,5.150700000000004,3.0,3.0,6.3448615651886175
CHEMBL479083,CCCOc1cccc(-c2ccc3c4c([nH]c3c2)-c2cc(O)c(C(=O)O)cc2CC4)c1,active,413.4730000000002,5.793100000000005,3.0,3.0,7.366531544420414
CHEMBL477195,CCCCc1ccc(-c2ccc3c4c([nH]c3c2)-c2ccc(C(=O)O)cc2CC4)cc1,active,395.5020000000002,6.641300000000006,2.0,1.0,6.954677021213342
CHEMBL477400,CCCCc1ccc(-c2ccc3c4c([nH]c3c2F)-c2ccc(C(=O)O)cc2CC4)cc1,active,413.4920000000002,6.7804000000000055,2.0,1.0,7.259637310505756
CHEMBL477401,CCCCc1ccc(-c2ccc3c4c([nH]c3c2)-c2ccc(-c3nnn[nH]3)cc2CC4)cc1,active,419.53200000000015,6.123200000000006,2.0,3.0,6.924453038607469
CHEMBL516272,CCCCc1ccc(-c2ccc3c4c([nH]c3c2)-c2ccc(C(N)=O)cc2CC4)cc1,active,394.5180000000002,6.042000000000006,2.0,1.0,7.119186407719209
CHEMBL479093,CCCCc1ccc(-c2ccc3c4c([nH]c3c2)-c2ccc(C(=O)N(C)C)cc2CC4)cc1,active,422.57200000000023,6.644900000000008,1.0,1.0,6.896196279044043
CHEMBL514557,Cc1cc(-c2ccc3c4c([nH]c3c2F)-c2ccc(C3=NCCN3)cc2CC4)ccc1F,inactive,413.4710000000002,5.536920000000005,2.0,2.0,4.522878745280337
CHEMBL461101,CC1=NN(c2ccc(C)c(C)c2)C(=O)/C1=N\Nc1cccc(-c2cccc(C(=O)O)c2)c1O,active,442.47500000000014,4.564840000000005,3.0,6.0,7.42021640338319
CHEMBL523975,O=C(Nc1nc(-c2cccc(C(F)(F)F)c2F)cs1)c1cnc(N2CCC(C(=O)O)CC2)c(Cl)c1,active,528.9150000000003,5.569700000000004,2.0,6.0,7.481486060122112
CHEMBL1171609,O=C(Nc1nc(-c2cccc(C(F)(F)F)c2F)c(F)s1)c1cnc(N2CCC(C(=O)O)CC2)c(Cl)c1,active,546.9050000000003,5.708800000000004,2.0,6.0,6.153662887870195
CHEMBL1171610,O=C(Nc1nc(-c2ccc(F)c(C(F)(F)F)c2)cs1)c1cnc(N2CCC(C(=O)O)CC2)c(Cl)c1,active,528.9150000000003,5.569700000000004,2.0,6.0,7.0
CHEMBL1170611,O=C(Nc1nc(-c2ccc(F)c(C(F)(F)F)c2)c(F)s1)c1cnc(N2CCC(C(=O)O)CC2)c(Cl)c1,active,546.9050000000003,5.708800000000004,2.0,6.0,7.050609993355087
CHEMBL1172354,Cc1sc(NC(=O)c2cnc(N3CCC(C(=O)O)CC3)c(Cl)c2)nc1-c1ccc(F)c(C(F)(F)F)c1,active,542.9420000000002,5.878120000000004,2.0,6.0,7.180456064458132
CHEMBL1172355,O=C(Nc1nc(-c2ccc(F)c(C(F)(F)F)c2)c(Cl)s1)c1cnc(N2CCC(C(=O)O)CC2)c(Cl)c1,active,563.3600000000002,6.223100000000003,2.0,6.0,7.0655015487564325
CHEMBL1171783,CCc1sc(NC(=O)c2cnc(N3CCC(C(=O)O)CC3)c(Cl)c2)nc1-c1ccc(F)c(C(F)(F)F)c1,active,556.9690000000003,6.132100000000004,2.0,6.0,6.795880017344075
CHEMBL1171784,CCCc1sc(NC(=O)c2cnc(N3CCC(C(=O)O)CC3)c(Cl)c2)nc1-c1ccc(F)c(C(F)(F)F)c1,active,570.9960000000003,6.522200000000004,2.0,6.0,6.886056647693163
CHEMBL1169646,N#Cc1sc(NC(=O)c2cnc(N3CCC(C(=O)O)CC3)c(Cl)c2)nc1-c1ccc(F)c(C(F)(F)F)c1,active,553.9250000000003,5.441380000000003,2.0,7.0,6.0467236633326955
CHEMBL1169647,O=C(Nc1nc(-c2ccc(F)c(C(F)(F)F)c2)ns1)c1cnc(N2CCC(C(=O)O)CC2)c(Cl)c1,active,529.9030000000002,4.964700000000003,2.0,7.0,6.241088107602026
CHEMBL1169815,O=C(Nc1ccn(-c2cccc(C(F)(F)F)c2F)n1)c1cnc(N2CCC(C(=O)O)CC2)c(Cl)c1,active,511.8630000000003,4.631900000000003,2.0,6.0,6.090979145788844
CHEMBL1172356,O=C(Nc1nc(-c2ccc(F)c(Cl)c2)c(F)s1)c1cnc(N2CCC(C(=O)O)CC2)c(Cl)c1,active,513.3530000000003,5.3434000000000035,2.0,6.0,6.318758762624412
CHEMBL1170598,O=C(Nc1nc(-c2ccc(F)c(Br)c2)c(F)s1)c1cnc(N2CCC(C(=O)O)CC2)c(Cl)c1,active,557.8040000000003,5.452500000000003,2.0,6.0,6.173925197299173
CHEMBL1170599,O=C(Nc1nc(-c2ccc(Cl)c(Cl)c2)c(F)s1)c1cnc(N2CCC(C(=O)O)CC2)c(Cl)c1,active,529.8080000000003,5.857700000000003,2.0,6.0,6.0
CHEMBL1170600,O=C(Nc1nc(-c2ccc(F)c(OC(F)(F)F)c2)c(F)s1)c1cnc(N2CCC(C(=O)O)CC2)c(Cl)c1,active,562.9040000000002,5.588600000000003,2.0,7.0,6.2076083105017466
CHEMBL1169816,O=C(Nc1nc(-c2ccc(F)c(OCC(F)(F)F)c2)c(F)s1)c1cnc(N2CCC(C(=O)O)CC2)c(Cl)c1,active,576.9310000000002,5.631100000000004,2.0,7.0,6.022276394711152
CHEMBL1170003,CCOCc1cc(-c2nc(NC(=O)c3cnc(N4CCC(C(=O)O)CC4)c(Cl)c3)sc2F)ccc1F,active,536.9880000000003,5.226500000000004,2.0,7.0,6.013228265733755
CHEMBL1170004,CCCCc1cc(-c2nc(NC(=O)c3cnc(N4CCC(C(=O)O)CC4)c(Cl)c3)sc2F)ccc1F,active,535.0160000000002,6.032600000000005,2.0,6.0,6.657577319177793
CHEMBL1170197,CC(C)Cc1cc(-c2nc(NC(=O)c3cnc(N4CCC(C(=O)O)CC4)c(Cl)c3)sc2F)ccc1F,active,535.0160000000002,5.888500000000005,2.0,6.0,7.236572006437063
CHEMBL1222569,C/C(NNC(=S)c1ccc(C(=O)O)cc1)=C1/C(=O)N(c2ccc(C)c(C)c2)c2ccccc21,active,457.55500000000023,4.880840000000004,3.0,4.0,7.086186147616283
CHEMBL1222639,C/C(NNC(=S)c1ccc(C(=O)O)cc1)=C1/C(=O)N(c2ccc3c(c2)CCC3)c2ccccc21,active,469.5660000000003,4.7527000000000035,3.0,4.0,6.698970004336019
CHEMBL1222640,C/C(NNC(=S)c1ccc(C(=O)O)cc1)=C1/C(=O)N(c2ccc(C)cc2)c2ccc(F)cc21,active,461.5180000000002,4.711520000000003,3.0,4.0,7.356547323513812
CHEMBL1222641,C/C(NNC(=S)c1ccc(C(=O)O)cc1)=C1/C(=O)N(c2ccc(C)c(C)c2)c2ccc(F)cc21,active,475.54500000000024,5.019940000000004,3.0,4.0,6.987162775294828
CHEMBL1222642,C/C(NNC(=S)c1ccc(C(=O)O)cc1)=C1/C(=O)N(c2ccc3c(c2)CCC3)c2ccc(F)cc21,active,487.5560000000003,4.8918000000000035,3.0,4.0,6.698970004336019
CHEMBL1257603,CC1=NN(c2ccc(C)c(C)c2)C(=O)/C1=C(/C)NNC(=S)N1CCc2cc(C(=O)O)ccc21,active,463.5630000000002,3.4399400000000018,3.0,5.0,8.221848749616356
CHEMBL1257604,CC1=NN(c2ccc3c(c2)CCC3)C(=O)/C1=C(/C)NNC(=S)N1CCc2cc(C(=O)O)ccc21,active,475.5740000000002,3.3118000000000016,3.0,5.0,8.522878745280337
CHEMBL1257723,CC1=NN(c2ccc(C)c(C)c2)C(=O)/C1=C(/C)NNC(=S)N1CCCc2cc(C(=O)O)ccc21,active,477.59000000000026,3.830040000000002,3.0,5.0,7.1938200260161125
CHEMBL1257724,CC1=NN(c2ccc3c(c2)CCC3)C(=O)/C1=C(/C)NNC(=S)N1CCCc2cc(C(=O)O)ccc21,active,489.6010000000002,3.701900000000002,3.0,5.0,7.455931955649724
CHEMBL1257846,CNC(=O)c1ccc2c(c1)CCN2C(=S)NN/C(C)=C1\C(=O)N(c2ccc(C)c(C)c2)N=C1C,active,476.6060000000003,3.1013400000000013,3.0,5.0,7.657577319177793
CHEMBL1257847,CC1=NN(c2ccc(C)c(C)c2)C(=O)/C1=C(/C)NNC(=S)N1CCc2cc(C(=O)N3CCOCC3)ccc21,active,532.6700000000004,3.214140000000002,2.0,6.0,7.508638306165727
CHEMBL1257962,CCNC(=O)c1ccc2c(c1)CCN2C(=S)NN/C(C)=C1\C(=O)N(c2ccc(C)c(C)c2)N=C1C,active,490.63300000000027,3.4914400000000025,3.0,5.0,7.585026652029182
CHEMBL1257963,CC1=NN(c2ccc(C)c(C)c2)C(=O)/C1=C(/C)NNC(=O)N1CCc2cc(C(=O)O)ccc21,active,447.49500000000023,3.2750400000000015,3.0,5.0,7.376750709602099
CHEMBL1258074,CC1=NN(c2ccc3c(c2)CCC3)C(=O)/C1=C(/C)NNC(=O)N1CCc2cc(C(=O)O)ccc21,active,459.5060000000002,3.1469000000000014,3.0,5.0,7.337242168318426
